Name,Category,Province,District
Fort England Hospital,Specialised Hospital,Eastern Cape,Sarah Baartman District Municipality
Fort Beaufort Hospital,District Hospital,Eastern Cape,Amathole District Municipality
Bhisho Hospital,District Hospital,Eastern Cape,Buffalo City Metropolitan Municipality
Grey Hospital,District Hospital,Eastern Cape,Buffalo City Metropolitan Municipality
St Francis Chronic Hospital,District Hospital,Eastern Cape,Joe Gqabi District Municipality
Midland Hospital,District Hospital,Eastern Cape,Sarah Baartman District Municipality
Midlands Medical Centre Hospital,Private Hospital,KwaZuluNatal,uMgungundlovu District Municipality
Jan Kempdorp Hospital,District Hospital,Northern Cape,Frances Baard District Municipality
Humansdorp Hospital,District Hospital,Eastern Cape,Sarah Baartman District Municipality
Frere Hospital,Tertiary Hospital,Eastern Cape,Buffalo City Metropolitan Municipality
Cecilia Makiwane Hospital,Tertiary Hospital,Eastern Cape,Buffalo City Metropolitan Municipality
Frontier Hospital,Regional Hospital,Eastern Cape,Chris Hani District Municipality
Livingstone Hospital,Tertiary Hospital,Eastern Cape,Nelson Mandela Bay Municipality
Basambilu Med Centre,Private Hospital,Gauteng,City of Johannesburg Metropolitan Municipality
Diepsloot Med Centre,Private Hospital,Gauteng,City of Johannesburg Metropolitan Municipality
Beaufort West Hospital,District Hospital,Western Cape,Central Karoo District Municipality
Mediwell Dainfern Square Med Centre,Private Hospital,Gauteng,City of Johannesburg Metropolitan Municipality
Netcare Sunninghill Hospital,Private Hospital,Gauteng,City of Johannesburg Metropolitan Municipality
Phedisong Health Care,Private Hospital,Gauteng,City of Johannesburg Metropolitan Municipality
Tanganani Health Care,Private Hospital,Gauteng,City of Johannesburg Metropolitan Municipality
Life Riverfield Lodge Hospital,Private Hospital,Gauteng,City of Johannesburg Metropolitan Municipality
Mediclinic Sandton Hospital,Private Hospital,Gauteng,City of Johannesburg Metropolitan Municipality
Netcare Milpark Hospital,Private Hospital,Gauteng,City of Johannesburg Metropolitan Municipality
Netcare Rehab Hospital,Private Hospital,Gauteng,City of Johannesburg Metropolitan Municipality
Netcare Rosebank Hospital,Private Hospital,Gauteng,City of Johannesburg Metropolitan Municipality
Netcare Sports Med and Ortho Hospital,Private Hospital,Gauteng,City of Johannesburg Metropolitan Municipality
NHN Akeso Crescent Randburg Hospital,Private Hospital,Gauteng,City of Johannesburg Metropolitan Municipality
Clinix Dr SK Matseke Mem Hospital,Private Hospital,Gauteng,City of Johannesburg Metropolitan Municipality
Clinix Tshepo-Themba Private Hospital,Private Hospital,Gauteng,City of Johannesburg Metropolitan Municipality
Life Flora Hospital,Private Hospital,Gauteng,City of Johannesburg Metropolitan Municipality
Lifemed Hospital,Private Hospital,Gauteng,City of Johannesburg Metropolitan Municipality
Life Wilgeheuwel Hospital,Private Hospital,Gauteng,City of Johannesburg Metropolitan Municipality
Mayo Hospital,Private Hospital,Gauteng,City of Johannesburg Metropolitan Municipality
Netcare Constantia Day Clinic,Private Hospital,Gauteng,City of Johannesburg Metropolitan Municipality
Netcare Olivedale Hospital,Private Hospital,Gauteng,City of Johannesburg Metropolitan Municipality
Netcare Protea Day Clinic,Private Hospital,Gauteng,West Rand District Municipality
Advanced Medgate Day Hospital,Private Hospital,Gauteng,City of Johannesburg Metropolitan Municipality
Lesedi Clinix Private Hospital,Private Hospital,Gauteng,City of Johannesburg Metropolitan Municipality
Life Poortview Hospital,Private Hospital,Gauteng,City of Johannesburg Metropolitan Municipality
Life Pretoria North Surgical Centre,Private Hospital,Gauteng,City of Tshwane Metropolitan Municipality
Life Carstenhof Hospital,Private Hospital,Gauteng,City of Johannesburg Metropolitan Municipality
Mediclinic Morningside Hospital,Private Hospital,Gauteng,City of Johannesburg Metropolitan Municipality
Midrand Med Centre,Private Hospital,Gauteng,City of Johannesburg Metropolitan Municipality
Netcare Linksfield Park Hospital,Private Hospital,Gauteng,City of Johannesburg Metropolitan Municipality
Prime Cure Bagleyston Day Clinic,Private Hospital,Gauteng,City of Johannesburg Metropolitan Municipality
Cure Day clinic Midstream,Private Hospital,Gauteng,City of Johannesburg Metropolitan Municipality
Argyle Hospital,Private Hospital,Gauteng,City of Johannesburg Metropolitan Municipality
Life Sandton Surgical Centre,Private Hospital,Gauteng,City of Johannesburg Metropolitan Municipality
Clinix Solomon Stix Morewa Mem Hospital (Selby Park),Private Hospital,Gauteng,City of Johannesburg Metropolitan Municipality
Clinix GM Pitje Day Hospital,Private Hospital,Gauteng,City of Johannesburg Metropolitan Municipality
Fordsburg Hospital,Private Hospital,Gauteng,City of Johannesburg Metropolitan Municipality
Life Brenthurst Hospital,Private Hospital,Gauteng,City of Johannesburg Metropolitan Municipality
Netcare Garden City Hospital,Private Hospital,Gauteng,City of Johannesburg Metropolitan Municipality
Netcare Mulbarton Hospital,Private Hospital,Gauteng,City of Johannesburg Metropolitan Municipality
Netcare Park Lane Hospital,Private Hospital,Gauteng,City of Johannesburg Metropolitan Municipality
Netcare Rand Hospital,Private Hospital,Gauteng,City of Johannesburg Metropolitan Municipality
NHN Lenmed Ahmed Katrada Private Hospital,Private Hospital,Gauteng,City of Johannesburg Metropolitan Municipality
Lenmed Clinic Hospital,Private Hospital,Gauteng,City of Johannesburg Metropolitan Municipality
NHN Lenmed Daxina Hospital,Private Hospital,Gauteng,City of Johannesburg Metropolitan Municipality
Mediclinic Legae Hospital,Private Hospital,Gauteng,City of Tshwane Metropolitan Municipality
Netcare Akasia Hospital,Private Hospital,Gauteng,City of Tshwane Metropolitan Municipality
Wisani Med Centre Hospital,Private Hospital,Gauteng,City of Tshwane Metropolitan Municipality
Life Little Company of Mary Hospital,Private Hospital,Gauteng,City of Tshwane Metropolitan Municipality
Netcare Montana Hospital,Private Hospital,Gauteng,City of Tshwane Metropolitan Municipality
Astrid Hospital,Private Hospital,Gauteng,City of Tshwane Metropolitan Municipality
Curamed Hospital,Private Hospital,Gauteng,City of Tshwane Metropolitan Municipality
Life Eugene Marais Hospital,Private Hospital,Gauteng,City of Tshwane Metropolitan Municipality
Life Groenkloof Hospital,Private Hospital,Gauteng,City of Tshwane Metropolitan Municipality
Louis Pasteur Hospital,Private Hospital,Gauteng,City of Tshwane Metropolitan Municipality
Pretoria Gynae Hospital,Private Hospital,Gauteng,City of Tshwane Metropolitan Municipality
Mediclinic Heart Hospital,Private Hospital,Gauteng,City of Tshwane Metropolitan Municipality
Mediclinic Medforum Hospital,Private Hospital,Gauteng,City of Tshwane Metropolitan Municipality
Mediclinic Muelmed Hospital,Private Hospital,Gauteng,City of Tshwane Metropolitan Municipality
Netcare Bougainville Hospital,Private Hospital,Gauteng,City of Tshwane Metropolitan Municipality
Netcare Femina Hospital,Private Hospital,Gauteng,City of Tshwane Metropolitan Municipality
Netcare Jakaranda Hospital,Private Hospital,Gauteng,City of Tshwane Metropolitan Municipality
Netcare Moot Hospital,Private Hospital,Gauteng,City of Tshwane Metropolitan Municipality
Pretoria Eye Inst Hospital,Private Hospital,Gauteng,City of Tshwane Metropolitan Municipality
Pretoria Urology Hospital,Private Hospital,Gauteng,City of Tshwane Metropolitan Municipality
University of Pta Med Centre,Private Hospital,Gauteng,City of Tshwane Metropolitan Municipality
Zuid Afrikaans Hospital,Private Hospital,Gauteng,City of Tshwane Metropolitan Municipality
Erasmia Med Centre,Private Hospital,Gauteng,City of Tshwane Metropolitan Municipality
Netcare Unitas Hospital,Private Hospital,Gauteng,City of Tshwane Metropolitan Municipality
Leslie Williams Memorial Hospital,Private Hospital,Gauteng,West Rand District Municipality
NHN Icare Irene Med Centre,Private Hospital,Gauteng,City of Tshwane Metropolitan Municipality
NHN Vista Hospital,Private Hospital,Gauteng,City of Tshwane Metropolitan Municipality
Clinix Cullinan Private Hospital,Private Hospital,Gauteng,City of Tshwane Metropolitan Municipality
Denmar Hospital,Private Hospital,Gauteng,City of Tshwane Metropolitan Municipality
Kloof Hospital,Private Hospital,Gauteng,City of Tshwane Metropolitan Municipality
Life Faerie Glen Hospital,Private Hospital,Gauteng,City of Tshwane Metropolitan Municipality
Life Wilgers Hospital,Private Hospital,Gauteng,City of Tshwane Metropolitan Municipality
Mamelodi Med Centre,Private Hospital,Gauteng,City of Tshwane Metropolitan Municipality
Mediclinic Kloof Hospital,Private Hospital,Gauteng,City of Tshwane Metropolitan Municipality
Netcare Pretoria East Hospital,Private Hospital,Gauteng,City of Tshwane Metropolitan Municipality
Phelang Private Hospital,Private Hospital,Gauteng,City of Tshwane Metropolitan Municipality
SAMCOR Med Centre,Private Hospital,Gauteng,City of Tshwane Metropolitan Municipality
Life Dalview Hospital,Private Hospital,Gauteng,Ekurhuleni Metropolitan Municipality
Life Springs Parkland Hospital,Private Hospital,Gauteng,Ekurhuleni Metropolitan Municipality
Life St Mary's Women Private Hospital,Private Hospital,Gauteng,Ekurhuleni Metropolitan Municipality
Netcare East Rand N17 Private Hospital,Private Hospital,Gauteng,Ekurhuleni Metropolitan Municipality
Netcare Pretoria East Hospital,Private Hospital,Gauteng,City of Tshwane Metropolitan Municipality
Kloof Med Centre,Private Hospital,Gauteng,Ekurhuleni Metropolitan Municipality
NHN Arwyp Med Centre Hospital,Private Hospital,Gauteng,Ekurhuleni Metropolitan Municipality
NHN Lenmed Zamokuhle Private Hospital,Private Hospital,Gauteng,Ekurhuleni Metropolitan Municipality
Dinwiddie Med Centre,Private Hospital,Gauteng,Ekurhuleni Metropolitan Municipality
Daxina Medical Clinic,Private Hospital,Gauteng,City of Johannesburg Metropolitan Municipality
Daxina Private Hospital,Private Hospital,Gauteng,City of Johannesburg Metropolitan Municipality
Lenmed Daxina Hospital,Private Hospital,Gauteng,City of Johannesburg Metropolitan Municipality
Life Bedford Gardens Hospital,Private Hospital,Gauteng,Ekurhuleni Metropolitan Municipality
Life Glynnview Hospital,Private Hospital,Gauteng,Ekurhuleni Metropolitan Municipality
Life The Glynwood Hospital,Private Hospital,Gauteng,Ekurhuleni Metropolitan Municipality
Netcare Linmed Hospital,Private Hospital,Gauteng,Ekurhuleni Metropolitan Municipality
Netcare Sunward Park Hospital,Private Hospital,Gauteng,Ekurhuleni Metropolitan Municipality
Birchmed Surgical Centre,Private Hospital,Gauteng,Ekurhuleni Metropolitan Municipality
NHN Sunshine Hospital,Private Hospital,Gauteng,Ekurhuleni Metropolitan Municipality
Actonville/Sunshine Hospital,Private Hospital,Gauteng,Ekurhuleni Metropolitan Municipality
Clinix Botshelong-Empilweni Private Hospital,Private Hospital,Gauteng,Ekurhuleni Metropolitan Municipality
Life Roseacres Hospital,Private Hospital,Gauteng,Ekurhuleni Metropolitan Municipality
Netcare Clinton Hospital,Private Hospital,Gauteng,Ekurhuleni Metropolitan Municipality
Netcare Union Hospital,Private Hospital,Gauteng,Ekurhuleni Metropolitan Municipality
Clinix Naledi-Nkanyezi Private Hospital,Private Hospital,Gauteng,Sedibeng District Municipality
Clinix Private Hospital Soweto,Private Hospital,Gauteng,City of Johannesburg Metropolitan Municipality
Cormed Hospital,Private Hospital,Gauteng,Sedibeng District Municipality
Hlulani Med Centre,Private Hospital,Gauteng,Sedibeng District Municipality
NHN Lakeview Med Centre,Private Hospital,Gauteng,Sedibeng District Municipality
Mediclinic Emfuleni Hospital,Private Hospital,Gauteng,Sedibeng District Municipality
Mediclinic Vereeniging Hospital,Private Hospital,Gauteng,Sedibeng District Municipality
Midvaal Private Hospital,Private Hospital,Gauteng,Sedibeng District Municipality
Life Suikerbosrand Hospital,Private Hospital,Gauteng,Sedibeng District Municipality
Baneng Psych Hospital,Private Hospital,Gauteng,West Rand District Municipality
Fochville Hospital,Private Hospital,Gauteng,West Rand District Municipality
NHN Fountain Private Hospital,Private Hospital,Gauteng,West Rand District Municipality
Western Deep Hospital,Private Hospital,Gauteng,West Rand District Municipality
Netcare Krugersdorp Hospital,Private Hospital,Gauteng,West Rand District Municipality
Life Robinson Hospital,Private Hospital,Gauteng,West Rand District Municipality
NHN Lenmed Randfontein Private Hospital,Private Hospital,Gauteng,West Rand District Municipality
Sir Albert Med Centre,Private Hospital,Gauteng,West Rand District Municipality
Anglogold Western Deep Levels Hospital,Mining Hospital,North West,Dr Kenneth Kaunda District Municipality
Bheki Mlangeni District Hospital,District Hospital,Gauteng,City of Johannesburg Metropolitan Municipality
South Rand Hospital,District Hospital,Gauteng,City of Johannesburg Metropolitan Municipality
Odi Hospital,District Hospital,Gauteng,City of Tshwane Metropolitan Municipality
Jubilee Hospital,District Hospital,Gauteng,City of Tshwane Metropolitan Municipality
Pretoria West Hospital,District Hospital,Gauteng,City of Tshwane Metropolitan Municipality
Tshwane District Hospital,District Hospital,Gauteng,City of Tshwane Metropolitan Municipality
Bronkhorstspruit Hospital,District Hospital,Gauteng,City of Tshwane Metropolitan Municipality
Natalspruit Hospital,District Hospital,Gauteng,Ekurhuleni Metropolitan Municipality
Bertha Gxowa Hospital,District Hospital,Gauteng,Ekurhuleni Metropolitan Municipality
Kopanong Hospital,District Hospital,Gauteng,Sedibeng District Municipality
Heidelberg Hospital,District Hospital,Gauteng,Sedibeng District Municipality
Carletonville Hospital,District Hospital,Gauteng,West Rand District Municipality
Dr Yusuf Dadoo Hospital,District Hospital,Gauteng,West Rand District Municipality
Chris Hani Baragwanath Hospital,Tertiary Hospital,Gauteng,City of Johannesburg Metropolitan Municipality
Charlotte Maxeke Hospital,Tertiary Hospital,Gauteng,City of Johannesburg Metropolitan Municipality
Dr George Mukhari Hospital,Tertiary Hospital,Gauteng,City of Tshwane Metropolitan Municipality
Steve Biko Academic Hospital,Tertiary Hospital,Gauteng,City of Tshwane Metropolitan Municipality
"
Charles Hurwitz TB Hospital",Specialised Hospital,Gauteng,City of Johannesburg Metropolitan Municipality
Tshepong TB Hospital,Specialised Hospital,Gauteng,City of Tshwane Metropolitan Municipality
Kriel medical clinic,Private Hospital,Mpumalanga,Nkangala District Municipality
East Rand TB Hospital,Specialised Hospital,Gauteng,Ekurhuleni Metropolitan Municipality
Knights Chest Hospital,Specialised Hospital,Gauteng,Ekurhuleni Metropolitan Municipality
Sizwe Tropical Hospital,Specialised Hospital,Gauteng,City of Johannesburg Metropolitan Municipality
Tshwane Rehab Hospital,Specialised Hospital,Gauteng,City of Tshwane Metropolitan Municipality
Cullinan Rehab Hospital,Specialised Hospital,Gauteng,City of Tshwane Metropolitan Municipality
Rahima Moosa Hospital,Specialised Hospital,Gauteng,City of Johannesburg Metropolitan Municipality
Edenvale Hospital,Regional Hospital,Gauteng,City of Johannesburg Metropolitan Municipality
Mamelodi Hospital,Regional Hospital,Gauteng,City of Tshwane Metropolitan Municipality
Pholosong Hospital,Regional Hospital,Gauteng,Ekurhuleni Metropolitan Municipality
Far East Rand Hospital,Regional Hospital,Gauteng,Ekurhuleni Metropolitan Municipality
Tambo Memorial Hospital,Regional Hospital,Gauteng,Ekurhuleni Metropolitan Municipality
Thelle Mogoerane Regional Hospital,Regional Hospital,Gauteng,Ekurhuleni Metropolitan Municipality
Sebokeng Hospital,Regional Hospital,Gauteng,Sedibeng District Municipality
Leratong Hospital,Regional Hospital,Gauteng,West Rand District Municipality
Helen Joseph Hospital,Tertiary Hospital,Gauteng,City of Johannesburg Metropolitan Municipality
Kalafong Hospital,Tertiary Hospital,Gauteng,City of Tshwane Metropolitan Municipality
Tembisa Hospital,Tertiary Hospital,Gauteng,Ekurhuleni Metropolitan Municipality
Tara H Moross Centre Hospital,Specialised Hospital,Gauteng,City of Johannesburg Metropolitan Municipality
Weskoppies Hospital,Specialised Hospital,Gauteng,City of Tshwane Metropolitan Municipality
Sterkfontein Hospital,Specialised Hospital,Gauteng,West Rand District Municipality
NHN Hibiscus Hospital,Private Hospital,KwaZuluNatal,Ugu District Municipality
NHN Lenmed La Verna Hospital,Private Hospital,KwaZuluNatal,Uthukela District Municipality
NHN Pongola Hospital,Private Hospital,KwaZuluNatal,Zululand District Municipality
Niemeyer Memorial Hospital,District Hospital,KwaZuluNatal,Amajuba District Municipality
McCords Hospital,Specialised Hospital,KwaZuluNatal,eThekwini Metropolitan Municipality
Osindisweni Hospital,District Hospital,KwaZuluNatal,eThekwini Metropolitan Municipality
St Mary's Hospital (Mar),District Hospital,KwaZuluNatal,eThekwini Metropolitan Municipality
Wentworth Hospital Hospital,District Hospital,KwaZuluNatal,eThekwini Metropolitan Municipality
St Apollinaris Hospital,District Hospital,KwaZuluNatal,Harry Gwala District Municipality
East Griqualand and Usher Memorial Hospital,District Hospital,KwaZuluNatal,Harry Gwala District Municipality
Christ the King Hospital,District Hospital,KwaZuluNatal,Harry Gwala District Municipality
Rietvlei Hospital,District Hospital,KwaZuluNatal,Harry Gwala District Municipality
Umphumulo Hospital,District Hospital,KwaZuluNatal,iLembe District Municipality
Untunjambili Hospital,District Hospital,KwaZuluNatal,iLembe District Municipality
Montebello Hospital,District Hospital,KwaZuluNatal,iLembe District Municipality
KwaMagwaza Hospital,District Hospital,KwaZuluNatal,King Cetshwayo District Municipality
Ekhombe Hospital,District Hospital,KwaZuluNatal,King Cetshwayo District Municipality
Nkandla Hospital,District Hospital,KwaZuluNatal,King Cetshwayo District Municipality
Catherine Booth Hospital,District Hospital,KwaZuluNatal,King Cetshwayo District Municipality
Eshowe Hospital,District Hospital,KwaZuluNatal,King Cetshwayo District Municipality
Mbongolwane Hospital,District Hospital,KwaZuluNatal,King Cetshwayo District Municipality
Murchison Hospital,District Hospital,KwaZuluNatal,Ugu District Municipality
GJ Crooke's Hospital,District Hospital,KwaZuluNatal,Ugu District Municipality
St Andrew's Hospital,District Hospital,KwaZuluNatal,Ugu District Municipality
Northdale Hospital,District Hospital,KwaZuluNatal,uMgungundlovu District Municipality
Appelsbosch Hospital,District Hospital,KwaZuluNatal,uMgungundlovu District Municipality
Hlabisa Hospital,District Hospital,KwaZuluNatal,Umkhanyakude District Municipality
Bethesda Hospital,District Hospital,KwaZuluNatal,Umkhanyakude District Municipality
Mosvold Hospital,District Hospital,KwaZuluNatal,Umkhanyakude District Municipality
Manguzi Hospital,District Hospital,KwaZuluNatal,Umkhanyakude District Municipality
Mseleni Hospital,District Hospital,KwaZuluNatal,Umkhanyakude District Municipality
Dundee Hospital,District Hospital,KwaZuluNatal,Umzinyathi District Municipality
Church of Scotland Hospital,District Hospital,KwaZuluNatal,Umzinyathi District Municipality
Charles Johnson Mem Hospital,District Hospital,KwaZuluNatal,Umzinyathi District Municipality
Greytown Hospital,Specialised Hospital,KwaZuluNatal,Umzinyathi District Municipality
Estcourt Hospital,District Hospital,KwaZuluNatal,Uthukela District Municipality
Emmaus Hospital,District Hospital,KwaZuluNatal,Uthukela District Municipality
Vryheid Hospital,District Hospital,KwaZuluNatal,Zululand District Municipality
Benedictine Hospital,District Hospital,KwaZuluNatal,Zululand District Municipality
Ceza Hospital,District Hospital,KwaZuluNatal,Zululand District Municipality
Nkonjeni Hospital,District Hospital,KwaZuluNatal,Zululand District Municipality
Itshelejuba Hospital,District Hospital,KwaZuluNatal,Zululand District Municipality
Inkosi Albert Luthuli Central Hospital,Central Hospital,KwaZuluNatal,eThekwini Metropolitan Municipality
King Edward VIII Hospital,Central Hospital,KwaZuluNatal,eThekwini Metropolitan Municipality
Ngwelezana Hospital,Tertiary Hospital,KwaZuluNatal,King Cetshwayo District Municipality
Grey's Hospital,Tertiary Hospital,KwaZuluNatal,uMgungundlovu District Municipality
Charles James TB Hospital,Specialised Hospital,KwaZuluNatal,eThekwini Metropolitan Municipality
Don McKenzie TB Hospital,Specialised Hospital,KwaZuluNatal,eThekwini Metropolitan Municipality
FOSA TB Hospital,Specialised Hospital,KwaZuluNatal,eThekwini Metropolitan Municipality
St Margaret's TB MDR Hospital,Specialised Hospital,KwaZuluNatal,Harry Gwala District Municipality
Dunstan Farrell TB Hospital,Specialised Hospital,KwaZuluNatal,Ugu District Municipality
Doris Goodwin TB Hospital,Specialised Hospital,KwaZuluNatal,uMgungundlovu District Municipality
Richmond Chest Hospital,Specialised Hospital,KwaZuluNatal,uMgungundlovu District Municipality
Greytown TB Hospital,Specialised Hospital,KwaZuluNatal,Umzinyathi District Municipality
Mountain View Hospital,District Hospital,KwaZuluNatal,Zululand District Municipality
Siloah Lutheran Hospital,District Hospital,KwaZuluNatal,Zululand District Municipality
Thulasizwe Hospital,District Hospital,KwaZuluNatal,Zululand District Municipality
Ekuhlengeni Sanatorium Hospital,District Hospital,KwaZuluNatal,eThekwini Metropolitan Municipality
Umzimkhulu Hospital,District Hospital,KwaZuluNatal,Harry Gwala District Municipality
Fort Napier Hospital,District Hospital,KwaZuluNatal,uMgungundlovu District Municipality
Townhill Hospital,District Hospital,KwaZuluNatal,uMgungundlovu District Municipality
Umgeni Waterfall Hospital,District Hospital,KwaZuluNatal,uMgungundlovu District Municipality
St Francis Hospital,District Hospital,KwaZuluNatal,Zululand District Municipality
Clairwood Hospital,District Hospital,KwaZuluNatal,eThekwini Metropolitan Municipality
Hillcrest Hospital,District Hospital,KwaZuluNatal,eThekwini Metropolitan Municipality
Madadeni Hospital,District Hospital,KwaZuluNatal,Amajuba District Municipality
Newcastle Hospital,District Hospital,KwaZuluNatal,Amajuba District Municipality
Addington Hospital,District Hospital,KwaZuluNatal,eThekwini Metropolitan Municipality
King Dinuzulu Hospital,District Hospital,KwaZuluNatal,eThekwini Metropolitan Municipality
Mahatma Gandhi Hospital,District Hospital,KwaZuluNatal,eThekwini Metropolitan Municipality
Prince Mshiyeni Hospital,District Hospital,KwaZuluNatal,eThekwini Metropolitan Municipality
RK Khan Hospital,District Hospital,KwaZuluNatal,eThekwini Metropolitan Municipality
St Aidans Hospital,District Hospital,KwaZuluNatal,eThekwini Metropolitan Municipality
General Justice Gizenga Mpanza Regional Hospital,District Hospital,KwaZuluNatal,iLembe District Municipality
Queen Nandi Regional Hospital,District Hospital,KwaZuluNatal,King Cetshwayo District Municipality
Port Shepstone Hospital,District Hospital,KwaZuluNatal,Ugu District Municipality
Edendale Hospital,District Hospital,KwaZuluNatal,uMgungundlovu District Municipality
Ladysmith Hospital,District Hospital,KwaZuluNatal,Uthukela District Municipality
Helene Franz Hospital,District Hospital,Limpopo,Capricorn District Municipality
Warrenton Hospital,District Hospital,Northern Cape,Frances Baard District Municipality
Dr Machupe Memorial Hospital,District Hospital,Limpopo,Capricorn District Municipality
Lebowakgomo Hospital,District Hospital,Limpopo,Capricorn District Municipality
Zebediela Hospital,District Hospital,Limpopo,Capricorn District Municipality
Botlokwa Hospital,District Hospital,Limpopo,Capricorn District Municipality
Seshego Hospital,District Hospital,Limpopo,Capricorn District Municipality
Clinix Phalaborwa Private,Private Hospital,Limpopo,Mopani District Municipality
WF Knobel Hospital,District Hospital,Limpopo,Capricorn District Municipality
Maphutha L Malatjie Hospital,District Hospital,Limpopo,Mopani District Municipality
Nkhensani Hospital,District Hospital,Limpopo,Mopani District Municipality
Kgapane Hospital,District Hospital,Limpopo,Mopani District Municipality
Dr CN Phatudi Hospital,District Hospital,Limpopo,Mopani District Municipality
Van Velden Mem Hospital,District Hospital,Limpopo,Mopani District Municipality
Sekororo Hospital,District Hospital,Limpopo,Mopani District Municipality
Groblersdal Hospital,District Hospital,Limpopo,Sekhukhune District Municipality
Polokwane Hospital,Tertiary Hospital,Limpopo,Capricorn District Municipality
Matlala Hospital,District Hospital,Limpopo,Sekhukhune District Municipality
Dilokong Hospital,District Hospital,Limpopo,Sekhukhune District Municipality
Mecklenburg Hospital,District Hospital,Limpopo,Sekhukhune District Municipality
Jane Furse Hospital,District Hospital,Limpopo,Sekhukhune District Municipality
Malamulele Hospital,District Hospital,Limpopo,Vhembe District Municipality
Elim Hospital,District Hospital,Limpopo,Vhembe District Municipality
Louis Trichardt Hospital,District Hospital,Limpopo,Vhembe District Municipality
Siloam Hospital,District Hospital,Limpopo,Vhembe District Municipality
Messina Hospital,District Hospital,Limpopo,Vhembe District Municipality
Donald Fraser Hospital,District Hospital,Limpopo,Vhembe District Municipality
Warmbaths Hospital,District Hospital,Limpopo,Waterberg District Municipality
Ellisras Hospital,District Hospital,Limpopo,Waterberg District Municipality
Witpoort Hospital,District Hospital,Limpopo,Waterberg District Municipality
G Masebe Hospital,District Hospital,Limpopo,Waterberg District Municipality
Voortrekker Hospital,District Hospital,Limpopo,Waterberg District Municipality
FH Odendaal Hospital,District Hospital,Limpopo,Waterberg District Municipality
Thabazimbi Hospital,District Hospital,Limpopo,Waterberg District Municipality
FH O MDR Hospital,District Hospital,Limpopo,Waterberg District Municipality
Thabamoopo Hospital,District Hospital,Limpopo,Capricorn District Municipality
Evuxakeni Hospital,District Hospital,Limpopo,Mopani District Municipality
Hayani Hospital,District Hospital,Limpopo,Vhembe District Municipality
Letaba Hospital,District Hospital,Limpopo,Mopani District Municipality
Philadelphia Hospital,District Hospital,Limpopo,Sekhukhune District Municipality
St Rita's Hospital,District Hospital,Limpopo,Sekhukhune District Municipality
Tshilidzini Hospital,District Hospital,Limpopo,Vhembe District Municipality
Mokopane Hospital,District Hospital,Limpopo,Waterberg District Municipality
Mankweng Hospital,District Hospital,Limpopo,Capricorn District Municipality
Pietersburg Hospital,District Hospital,Limpopo,Capricorn District Municipality
Matikwana Hospital,District Hospital,Mpumalanga,Ehlanzeni District Municipality
Tintswalo Hospital,District Hospital,Mpumalanga,Ehlanzeni District Municipality
Barberton Hospital,District Hospital,Mpumalanga,Ehlanzeni District Municipality
Shongwe Hospital,District Hospital,Mpumalanga,Ehlanzeni District Municipality
Tonga Hospital,District Hospital,Mpumalanga,Ehlanzeni District Municipality
Lydenburg Hospital,District Hospital,Mpumalanga,Ehlanzeni District Municipality
Matibidi Hospital,District Hospital,Mpumalanga,Ehlanzeni District Municipality
Sabie Hospital,District Hospital,Mpumalanga,Ehlanzeni District Municipality
Carolina Hospital,District Hospital,Mpumalanga,Gert Sibande District Municipality
Embhuleni Hospital,District Hospital,Mpumalanga,Gert Sibande District Municipality
Amajuba Memorial Hospital,District Hospital,Mpumalanga,Gert Sibande District Municipality
Elsie Ballot Hospital,District Hospital,Mpumalanga,Gert Sibande District Municipality
Bethal Hospital,District Hospital,Mpumalanga,Gert Sibande District Municipality
Evander Gold Mining hospital,Mining Hospital,Mpumalanga,Gert Sibande District Municipality
Evander hospital,District Hospital,Mpumalanga,Gert Sibande District Municipality
Harmony Goldmine Hospital,Mining Hospital,Free State,Lejweleputswa District Municipality
Standerton Hospital,District Hospital,Mpumalanga,Gert Sibande District Municipality
Piet Retief Hospital,District Hospital,Mpumalanga,Gert Sibande District Municipality
Mmametlhake Hospital,District Hospital,Mpumalanga,Nkangala District Municipality
HA Grove Hospital,District Hospital,Mpumalanga,Nkangala District Municipality
Waterval Boven Hospital,District Hospital,Mpumalanga,Nkangala District Municipality
Impungwe Hospital,District Hospital,Mpumalanga,Nkangala District Municipality
Middelburg Hospital,District Hospital,Mpumalanga,Nkangala District Municipality
KwaMhlanga Hospital,District Hospital,Mpumalanga,Nkangala District Municipality
Bernice Samuels Hospital,District Hospital,Mpumalanga,Nkangala District Municipality
Rob Ferreira Hospital,Tertiary Hospital,Mpumalanga,Ehlanzeni District Municipality
Witbank Hospital,District Hospital,Mpumalanga,Nkangala District Municipality
Mapulaneng Hospital,District Hospital,Mpumalanga,Ehlanzeni District Municipality
Themba Hospital,District Hospital,Mpumalanga,Ehlanzeni District Municipality
Ermelo Hospital,District Hospital,Mpumalanga,Gert Sibande District Municipality
Barberton TB Hospital,District Hospital,Mpumalanga,Ehlanzeni District Municipality
Bongani TB Hospital,District Hospital,Mpumalanga,Ehlanzeni District Municipality
Standerton Spec TB Hospital,District Hospital,Mpumalanga,Gert Sibande District Municipality
Sesifuba TB Hospital,District Hospital,Mpumalanga,Gert Sibande District Municipality
Witbank Special TB Hospital,District Hospital,Mpumalanga,Nkangala District Municipality
Tokollo Hospital,District Hospital,Free State,Fezile Dabi District Municipality
Nala Hospital,District Hospital,Free State,Lejweleputswa District Municipality
National Dis Hospital,District Hospital,Free State,Mangaung Metropolitan Municipality
Botshabelo Hospital,District Hospital,Free State,Mangaung Metropolitan Municipality
Dr JS Moroka Hospital,District Hospital,Free State,Mangaung Metropolitan Municipality
National District Hospital,District Hospital,Free State,Mangaung Metropolitan Municipality
Phekolong Hospital,District Hospital,Free State,Thabo Mofutsanyana District Municipality
Elizabeth Ross Hospital,District Hospital,Free State,Thabo Mofutsanyana District Municipality
Nketoana Hospital,District Hospital,Free State,Thabo Mofutsanyana District Municipality
John Daniel Newberry Hospital,District Hospital,Free State,Thabo Mofutsanyana District Municipality
Phuthuloha Hospital,District Hospital,Free State,Thabo Mofutsanyana District Municipality
Albert Nzula Dist Hospital,District Hospital,Free State,Xhariep District Municipality
Universitas (C) Hospital,District Hospital,Free State,Mangaung Metropolitan Municipality
Pelonomi Hospital,Tertiary Hospital,Free State,Mangaung Metropolitan Municipality
Boitumelo Hospital,District Hospital,Free State,Fezile Dabi District Municipality
Bongani Hospital,District Hospital,Free State,Lejweleputswa District Municipality
Mofumahadi Manapo Mopeli Hospital,District Hospital,Free State,Thabo Mofutsanyana District Municipality
Busamed BFIA Hospital,District Hospital,Free State,Mangaung Metropolitan Municipality
Koster Hospital,District Hospital,North West,Bojanala Platinum District Municipality
Brits Hospital,District Hospital,North West,Bojanala Platinum District Municipality
Moses Kotane Hospital,District Hospital,North West,Bojanala Platinum District Municipality
Mantsopa Hospital,District Hospital,Free State,Thabo Mofutsanyana District Municipality
Nic Bodenstein Hospital,District Hospital,North West,Dr Kenneth Kaunda District Municipality
Taung Hospital,District Hospital,North West,Dr Ruth Segomotsi Mompati District Municipality
Klerksdorp Hospital,Tertiary Hospital,North West,Dr Kenneth Kaunda District Municipality
Ganyesa Hospital,District Hospital,North West,Dr Ruth Segomotsi Mompati District Municipality
Christiana Hospital,District Hospital,North West,Dr Ruth Segomotsi Mompati District Municipality
Schweizer-Reneke Hospital,District Hospital,North West,Dr Ruth Segomotsi Mompati District Municipality
General de la Rey Hospital,District Hospital,North West,Ngaka Modiri Molema District Municipality
Thusong Hospital,District Hospital,North West,Ngaka Modiri Molema District Municipality
Gelukspan Hospital,District Hospital,North West,Ngaka Modiri Molema District Municipality
Lehurutshe Hospital,District Hospital,North West,Ngaka Modiri Molema District Municipality
Zeerust Hospital,District Hospital,North West,Ngaka Modiri Molema District Municipality
Witrand Psych Hospital,District Hospital,North West,Dr Kenneth Kaunda District Municipality
Bophelong Psych Hospital,District Hospital,North West,Ngaka Modiri Molema District Municipality
Potchefstroom Hospital,District Hospital,North West,Dr Kenneth Kaunda District Municipality
Joe Morolong Memorial Hospital,District Hospital,North West,Dr Ruth Segomotsi Mompati District Municipality
Mahikeng Provincial Hospital,Tertiary Hospital,North West,Ngaka Modiri Molema District Municipality
Prof ZK Matthews Hospital,District Hospital,Northern Cape,Frances Baard District Municipality
Kuruman Hospital,District Hospital,Northern Cape,John Taolo Gaetsewe District Municipality
Calvinia Hospital,District Hospital,Northern Cape,Namakwa District Municipality
Springbok Hospital,District Hospital,Northern Cape,Namakwa District Municipality
De Aar Hospital,District Hospital,Northern Cape,Pixley ka Seme District Municipality
Robert Mangaliso Sobukwe Hospital,Tertiary Hospital,Northern Cape,Frances Baard District Municipality
Kimberly Hospital,Tertiary Hospital,Northern Cape,Frances Baard District Municipality
Tygerberg Hospital,Tertiary Hospital,Western Cape,City of Cape Town Metropolitan Municipality
Khotsong TB Hospital,Specialised Hospital,Eastern Cape,Alfred Nzo District Municipality
NHN Matatiele Private Hospital,Private Hospital,Eastern Cape,Alfred Nzo District Municipality
Taylor Bequest Hospital (Mat),District Hospital,Eastern Cape,Alfred Nzo District Municipality
Greenville Hospital,District Hospital,Eastern Cape,Alfred Nzo District Municipality
St Patrick's Hospital,District Hospital,Eastern Cape,Alfred Nzo District Municipality
Sipetu Hospital,District Hospital,Eastern Cape,Alfred Nzo District Municipality
Madzikane kaZulu Hospital,District Hospital,Eastern Cape,Alfred Nzo District Municipality
Mount Ayliff Hospital,District Hospital,Eastern Cape,Alfred Nzo District Municipality
Cathcart Hospital,District Hospital,Eastern Cape,Amathole District Municipality
SS Gida Hospital,District Hospital,Eastern Cape,Amathole District Municipality
Stutterheim Hospital,District Hospital,Eastern Cape,Amathole District Municipality
Komga Hospital,District Hospital,Eastern Cape,Amathole District Municipality
Madwaleni Hospital,District Hospital,Eastern Cape,Amathole District Municipality
Butterworth Hospital,District Hospital,Eastern Cape,Amathole District Municipality
Tafalofefe Hospital,District Hospital,Eastern Cape,Amathole District Municipality
Nompumelelo (Peddie) Hospital,District Hospital,Eastern Cape,Amathole District Municipality
Adelaide Hospital,District Hospital,Eastern Cape,Amathole District Municipality
Bedford Hospital,District Hospital,Eastern Cape,Amathole District Municipality
Tower Psychiatric Hospital,Specialised Hospital,Eastern Cape,Amathole District Municipality
Victoria Alice Hospital,District Hospital,Eastern Cape,Amathole District Municipality
Winterberg TB Hospital,Specialised Hospital,Eastern Cape,Amathole District Municipality
Fort Grey TB Hospital,Specialised Hospital,Eastern Cape,Buffalo City Metropolitan Municipality
Life Beacon Bay Hospital,Private Hospital,Eastern Cape,Buffalo City Metropolitan Municipality
Life East London Private Hospital,Private Hospital,Eastern Cape,Buffalo City Metropolitan Municipality
Life Grey Monument Clinic Hospital,Private Hospital,Eastern Cape,Buffalo City Metropolitan Municipality
Life St Dominic's Hospital,Private Hospital,Eastern Cape,Buffalo City Metropolitan Municipality
Life St James Hospital,Private Hospital,Eastern Cape,Buffalo City Metropolitan Municipality
Life St Mark's Hospital,Private Hospital,Eastern Cape,Buffalo City Metropolitan Municipality
Newhaven Hospital,Specialised Hospital,Eastern Cape,Buffalo City Metropolitan Municipality
NHN East London Eye Hospital,Private Hospital,Eastern Cape,Buffalo City Metropolitan Municipality
NHN Icare Gonubie Med Centre,Private Hospital,Eastern Cape,Buffalo City Metropolitan Municipality
Nkqubela Hospital,Specialised Hospital,Eastern Cape,Buffalo City Metropolitan Municipality
Dordrecht Hospital,District Hospital,Eastern Cape,Chris Hani District Municipality
Glen Grey Hospital,District Hospital,Eastern Cape,Chris Hani District Municipality
Indwe Hospital,District Hospital,Eastern Cape,Chris Hani District Municipality
All Saints Hospital,District Hospital,Eastern Cape,Chris Hani District Municipality
Mjanyana Hospital,District Hospital,Eastern Cape,Chris Hani District Municipality
Hewu Hospital,District Hospital,Eastern Cape,Chris Hani District Municipality
Komani Hospital,Specialised Hospital,Eastern Cape,Chris Hani District Municipality
Life Queenstown Private Hospital,Private Hospital,Eastern Cape,Chris Hani District Municipality
M Venter Hospital,District Hospital,Eastern Cape,Chris Hani District Municipality
Molteno Hospital,District Hospital,Eastern Cape,Chris Hani District Municipality
NHN Care Cure Queenstown Sub-Acute Hospital,Private Hospital,Eastern Cape,Chris Hani District Municipality
Sterkstroom Hospital,District Hospital,Eastern Cape,Chris Hani District Municipality
Cofimvaba Hospital,District Hospital,Eastern Cape,Chris Hani District Municipality
Cradock Hospital,District Hospital,Eastern Cape,Chris Hani District Municipality
Wilhelm Stahl Hospital,District Hospital,Eastern Cape,Chris Hani District Municipality
Cala Hospital,District Hospital,Eastern Cape,Chris Hani District Municipality
Elliot Hospital,District Hospital,Eastern Cape,Chris Hani District Municipality
Maclear Hospital,District Hospital,Eastern Cape,Joe Gqabi District Municipality
Taylor Bequest Hospital (Elu),District Hospital,Eastern Cape,Joe Gqabi District Municipality
Cloete Joubert Hospital,District Hospital,Eastern Cape,Joe Gqabi District Municipality
Empilisweni Hospital,District Hospital,Eastern Cape,Joe Gqabi District Municipality
Lady Grey Hospital,District Hospital,Eastern Cape,Joe Gqabi District Municipality
Umlamli Hospital,District Hospital,Eastern Cape,Joe Gqabi District Municipality
Aliwal North Hospital,District Hospital,Eastern Cape,Joe Gqabi District Municipality
Burgersdorp Hospital,District Hospital,Eastern Cape,Joe Gqabi District Municipality
Jamestown Hospital,District Hospital,Eastern Cape,Joe Gqabi District Municipality
Steynsburg Hospital,District Hospital,Eastern Cape,Joe Gqabi District Municipality
Dora Nginza Hospital,Regional Hospital,Eastern Cape,Nelson Mandela Bay Municipality
Jose Pearson TB Hospital,Specialised Hospital,Eastern Cape,Nelson Mandela Bay Municipality
Ventersdorp Hospital,District Hospital,North West,Dr Kenneth Kaunda District Municipality
Netcare Cuyler Hospital,Private Hospital,Eastern Cape,Nelson Mandela Bay Municipality
Orsmond TB Hospital,Specialised Hospital,Eastern Cape,Nelson Mandela Bay Municipality
Uitenhage Hospital,District Hospital,Eastern Cape,Nelson Mandela Bay Municipality
Elizabeth Donkin Hospital,Specialised Hospital,Eastern Cape,Nelson Mandela Bay Municipality
Empilweni TB Hospital,Specialised Hospital,Eastern Cape,Nelson Mandela Bay Municipality
Life Hunterscraig Hospital,Private Hospital,Eastern Cape,Nelson Mandela Bay Municipality
Life Mercantile Hospital,Private Hospital,Eastern Cape,Nelson Mandela Bay Municipality
Mercidoc Day Clinic,Private Hospital,Gauteng,Ekurhuleni Metropolitan Municipality
Life St George's Hospital,Private Hospital,Eastern Cape,Nelson Mandela Bay Municipality
Netcare Greenacres Hospital,Private Hospital,Eastern Cape,Nelson Mandela Bay Municipality
NHN Aurora Rehab Hospital,Private Hospital,Eastern Cape,Nelson Mandela Bay Municipality
NHN Icare Walmer Med Centre,Private Hospital,Eastern Cape,Nelson Mandela Bay Municipality
Oasim Hospital,Private Hospital,Eastern Cape,Nelson Mandela Bay Municipality
Port Elizabeth Provincial Hospital,Tertiary Hospital,Eastern Cape,Nelson Mandela Bay Municipality
Westways Hospital,Private Hospital,Eastern Cape,Nelson Mandela Bay Municipality
Holy Cross Hospital,District Hospital,Eastern Cape,Oliver Tambo District Municipality
St Elizabeth's Hospital,Regional Hospital,Eastern Cape,Oliver Tambo District Municipality
Bedford Orth Hospital,Specialised Hospital,Eastern Cape,Oliver Tambo District Municipality
Life St Mary's Private Hospital,Private Hospital,Eastern Cape,Oliver Tambo District Municipality
Mthatha Chest Hospital,Specialised Hospital,Eastern Cape,Oliver Tambo District Municipality
Mthatha General Hospital,Regional Hospital,Eastern Cape,Oliver Tambo District Municipality
Nelson Mandela Academic Hospital,Central Hospital,Eastern Cape,Oliver Tambo District Municipality
NHN Crossmed Mthatha Private Hospital,Private Hospital,Eastern Cape,Oliver Tambo District Municipality
NHN Mthatha Sub-Acute Hospital,Private Hospital,Eastern Cape,Oliver Tambo District Municipality
ZitHulele Hospital,District Hospital,Eastern Cape,Oliver Tambo District Municipality
Dr Malizo Mpehle Hospital,District Hospital,Eastern Cape,Oliver Tambo District Municipality
Nessie Knight Hospital,District Hospital,Eastern Cape,Oliver Tambo District Municipality
St Lucy's Hospital,District Hospital,Eastern Cape,Oliver Tambo District Municipality
Canzibe Hospital,District Hospital,Eastern Cape,Oliver Tambo District Municipality
St Barnabas Hospital,District Hospital,Eastern Cape,Oliver Tambo District Municipality
Bambisana Hospital,District Hospital,Eastern Cape,Oliver Tambo District Municipality
Isilimela Hospital,District Hospital,Eastern Cape,Oliver Tambo District Municipality
Andries Vosloo Hospital,District Hospital,Eastern Cape,Sarah Baartman District Municipality
Aberdeen Hospital,District Hospital,Eastern Cape,Sarah Baartman District Municipality
Margery Parkes TB Hospital,Specialised Hospital,Eastern Cape,Sarah Baartman District Municipality
Sawas Hospital,District Hospital,Eastern Cape,Sarah Baartman District Municipality
Willowmore Hospital,District Hospital,Eastern Cape,Sarah Baartman District Municipality
Life Isivivana Hospital,Private Hospital,Eastern Cape,Sarah Baartman District Municipality
PZ Meyer Hospital,Specialised Hospital,Eastern Cape,Sarah Baartman District Municipality
BJ Vorster Hospital,District Hospital,Eastern Cape,Sarah Baartman District Municipality
Settlers Hospital,District Hospital,Eastern Cape,Sarah Baartman District Municipality
Temba TB Hospital,Specialised Hospital,Eastern Cape,Sarah Baartman District Municipality
Marjorie Parrish TB Hospital,Specialised Hospital,Eastern Cape,Sarah Baartman District Municipality
Netcare Port Alfred Hospital,Private Hospital,Eastern Cape,Sarah Baartman District Municipality
Netcare Setller's Hospital,Private Hospital,Eastern Cape,Sarah Baartman District Municipality
Port Alfred Hospital,District Hospital,Eastern Cape,Sarah Baartman District Municipality
Sundays Valley Hospital,District Hospital,Eastern Cape,Chris Hani District Municipality
Mafube Hospital,District Hospital,Free State,Fezile Dabi District Municipality
NHN Riemland Clinic Hospital,Private Hospital,Free State,Fezile Dabi District Municipality
Fezi Ngumbentombi Hospital,District Hospital,Free State,Fezile Dabi District Municipality
Netcare Vaalpark Hospital,Private Hospital,Free State,Fezile Dabi District Municipality
Sasol Infrachem Hospital,Private Hospital,Free State,Fezile Dabi District Municipality
Netcare Kroon Hospital,Private Hospital,Free State,Fezile Dabi District Municipality
Parys Hospital,District Hospital,Free State,Fezile Dabi District Municipality
Winburg Hospital,District Hospital,Free State,Lejweleputswa District Municipality
Katleho Hospital,District Hospital,Free State,Lejweleputswa District Municipality
Kopano MDR Hospital,Specialised Hospital,Free State,Lejweleputswa District Municipality
Metsimaholo Parys Hospital,District Hospital,Free State,Lejweleputswa District Municipality
Mediclinic Welkom Hospital,Private Hospital,Free State,Lejweleputswa District Municipality
Trichardt Mediclinic Hospital,Private Hospital,Mpumalanga,Gert Sibande District Municipality
NHN E Oppenheimer Hospital,Private Hospital,Free State,Lejweleputswa District Municipality
NHN St Helena Hospital,Private Hospital,Free State,Lejweleputswa District Municipality
NHN Welkom Med Centre,Private Hospital,Free State,Lejweleputswa District Municipality
NHN Welkom Sub-Acute Hospital,Private Hospital,Free State,Lejweleputswa District Municipality
RH Matjhabeng Private Hospital,Private Hospital,Free State,Lejweleputswa District Municipality
Thusanong Hospital,District Hospital,Free State,Lejweleputswa District Municipality
Mohau Hospital,District Hospital,Free State,Lejweleputswa District Municipality
Bloemcare Psych Hospital,Private Hospital,Free State,Mangaung Metropolitan Municipality
Bloemfontein Eye Centre,Private Hospital,Free State,Mangaung Metropolitan Municipality
Mediclinic Bloemfontein Hospital,Private Hospital,Free State,Mangaung Metropolitan Municipality
Cairnhall Hospital,Private Hospital,Free State,Mangaung Metropolitan Municipality
Netcare Pelanomi Private hospital,Private Hospital,Free State,Mangaung Metropolitan Municipality
Free State Psyc Comp Hospital,Specialised Hospital,Free State,Mangaung Metropolitan Municipality
Life Pasteur Hospital,Private Hospital,Free State,Mangaung Metropolitan Municipality
Life Rosepark Hospital,Private Hospital,Free State,Mangaung Metropolitan Municipality
Link - Hillcrest Private Hospital,Private Hospital,Free State,Mangaung Metropolitan Municipality
Mediclinic Bloemfontein Hospital,Private Hospital,Free State,Mangaung Metropolitan Municipality
Netcare Universitas Private Hospital,Private Hospital,Free State,Mangaung Metropolitan Municipality
Universitas Academic Hospital,Tertiary Hospital,Free State,Mangaung Metropolitan Municipality
NHN CareCure Victoria Hospital,Private Hospital,Free State,Mangaung Metropolitan Municipality
NHN EmoyaMed Private Hospital,Private Hospital,Free State,Mangaung Metropolitan Municipality
NHN Hillandale HCC Hospital,Private Hospital,Free State,Mangaung Metropolitan Municipality
NHN M-Care Optima Hospital,Private Hospital,Free State,Mangaung Metropolitan Municipality
NHN M-Care Pentagon Park Hospital,Private Hospital,Free State,Mangaung Metropolitan Municipality
NHN Stirling Hospital,Private Hospital,Free State,Mangaung Metropolitan Municipality
SAMHS 3 Mil Hospital,Military Hospital,Free State,Mangaung Metropolitan Municipality
Bethlehem Med Centre,Private Hospital,Free State,Thabo Mofutsanyana District Municipality
Dihlabeng Hospital,Regional Hospital,Free State,Thabo Mofutsanyana District Municipality
Mediclinic Hoogland Hospital,Private Hospital,Free State,Thabo Mofutsanyana District Municipality
NHN Corona Hospital,Private Hospital,Free State,Thabo Mofutsanyana District Municipality
Busamed Harrismith Private Hospital,Private Hospital,Free State,Thabo Mofutsanyana District Municipality
Thebe Hospital,District Hospital,Free State,Thabo Mofutsanyana District Municipality
Senorita Ntlabathi Hospital,District Hospital,Free State,Thabo Mofutsanyana District Municipality
Phumelela Hospital,District Hospital,Free State,Thabo Mofutsanyana District Municipality
Itemoheng Hospital,District Hospital,Free State,Thabo Mofutsanyana District Municipality
Diamond (Diamant) Hospital,District Hospital,Free State,Xhariep District Municipality
Embekweni Hospital,District Hospital,Free State,Xhariep District Municipality
Stoffel Coetzee Hospital,District Hospital,Free State,Xhariep District Municipality
HEALth-WorX Carlswald Med Centre,Private Hospital,Gauteng,City of Johannesburg Metropolitan Municipality
Life Fourways Hospital,Private Hospital,Gauteng,City of Johannesburg Metropolitan Municipality
Netcare Waterfall City Hospital,Private Hospital,Gauteng,City of Johannesburg Metropolitan Municipality
NHN Icare Fourways Med Centre,Private Hospital,Gauteng,City of Johannesburg Metropolitan Municipality
Sunninghill Med Centre,Private Hospital,Gauteng,City of Johannesburg Metropolitan Municipality
HEALth-WorX Cresta Med Centre,Private Hospital,Gauteng,City of Johannesburg Metropolitan Municipality
HEALth-WorX Randridge Med Centre,Private Hospital,Gauteng,City of Johannesburg Metropolitan Municipality
Mediclinic Wits D Gordon Med Centre,Private Hospital,Gauteng,City of Johannesburg Metropolitan Municipality
NHN Johannesburg Eye Hospital,Private Hospital,Gauteng,City of Johannesburg Metropolitan Municipality
NHN Northcliff Medwedge Sub-Acute Hospital,Private Hospital,Gauteng,City of Johannesburg Metropolitan Municipality
Parkmore Park Med Centre,Private Hospital,Gauteng,City of Johannesburg Metropolitan Municipality
Rosebank Med Dental Centre,Private Hospital,Gauteng,City of Johannesburg Metropolitan Municipality
Medicare Boskruin Med Centre,Private Hospital,Gauteng,City of Johannesburg Metropolitan Municipality
NHN Icare Wilgeheuwel Med Centre,Private Hospital,Gauteng,City of Johannesburg Metropolitan Municipality
Meredale Med Centre,Private Hospital,Gauteng,City of Johannesburg Metropolitan Municipality
Busamed Modderfontein Private Hospital,Private Hospital,Gauteng,City of Johannesburg Metropolitan Municipality
Lonehill Med Centre,Private Hospital,Gauteng,City of Johannesburg Metropolitan Municipality
Netcare Linkwood Hospital,Private Hospital,Gauteng,City of Johannesburg Metropolitan Municipality
NHN Gynae Endo Med Centre,Private Hospital,Gauteng,City of Johannesburg Metropolitan Municipality
NHN Icare Northriding Med Centre,Private Hospital,Gauteng,City of Johannesburg Metropolitan Municipality
NHN Sandton Day Hospital,Private Hospital,Gauteng,City of Johannesburg Metropolitan Municipality
NHN Akeso Parktown Hospital,Private Hospital,Gauteng,City of Johannesburg Metropolitan Municipality
Kliptown Med Centre,Private Hospital,Gauteng,City of Johannesburg Metropolitan Municipality
Botshilu Hospital,Private Hospital,Gauteng,City of Tshwane Metropolitan Municipality
NHN Icare Wonderboom Med Centre,Private Hospital,Gauteng,City of Tshwane Metropolitan Municipality
Life Brooklyn Day Hospital,Private Hospital,Gauteng,City of Tshwane Metropolitan Municipality
NHN Urolocare Hospital,Private Hospital,Gauteng,City of Tshwane Metropolitan Municipality
Peermed Pretoria Health Centre,Private Hospital,Gauteng,City of Tshwane Metropolitan Municipality
SAMHS 1 Military Hospital,Military Hospital,Gauteng,City of Tshwane Metropolitan Municipality
HEALth-WorX Centurion Med Centre,Private Hospital,Gauteng,City of Tshwane Metropolitan Municipality
HEALth-WorX Raslouw Med Centre,Private Hospital,Gauteng,City of Tshwane Metropolitan Municipality
Medipark 24 Med Centre,Private Hospital,Gauteng,City of Tshwane Metropolitan Municipality
NHN Centurion Eye Hospital,Private Hospital,Gauteng,City of Tshwane Metropolitan Municipality
NHN Icare Irene Day Hospital,Private Hospital,Gauteng,City of Tshwane Metropolitan Municipality
NHN Icare Irene Sub-Acute Hospital,Private Hospital,Gauteng,City of Tshwane Metropolitan Municipality
NHN Icare Mall@55 Med Dental Centre,Private Hospital,Gauteng,City of Tshwane Metropolitan Municipality
HEALth-WorX Montana Med Centre,Private Hospital,Gauteng,City of Tshwane Metropolitan Municipality
NHN Intercare Glenfair Med Centre,Private Hospital,Gauteng,City of Tshwane Metropolitan Municipality
NHN Icare Hazeldean Day Hospital,Private Hospital,Gauteng,City of Tshwane Metropolitan Municipality
Phelang Private Hospital,Private Hospital,Gauteng,City of Tshwane Metropolitan Municipality
NHN Icare Hazeldean Sub-Acute Hospital,Private Hospital,Gauteng,City of Tshwane Metropolitan Municipality
NHN Icare Silver Lake Med Centre,Private Hospital,Gauteng,City of Tshwane Metropolitan Municipality
NHN Icare Woodhill Med Centre,Private Hospital,Gauteng,City of Tshwane Metropolitan Municipality
Optiklin Eye Hospital,Private Hospital,Gauteng,Ekurhuleni Metropolitan Municipality
Harmelia Private Hospital,Private Hospital,Gauteng,Ekurhuleni Metropolitan Municipality
Mediclinic Midstream Hospital,Private Hospital,Gauteng,Ekurhuleni Metropolitan Municipality
NHN Icare Glen Marais Med Centre,Private Hospital,Gauteng,Ekurhuleni Metropolitan Municipality
Peermed Kempton Park Health Centre,Private Hospital,Gauteng,Ekurhuleni Metropolitan Municipality
Glenairs Med Centre,Private Hospital,Gauteng,Ekurhuleni Metropolitan Municipality
HEALth-WorX Boksburg Med Centre,Private Hospital,Gauteng,Ekurhuleni Metropolitan Municipality
Netcare Optiklin Eye Hospital,Private Hospital,Gauteng,Ekurhuleni Metropolitan Municipality
NHN Care Cure Rynmed Hospital,Private Hospital,Gauteng,Ekurhuleni Metropolitan Municipality
Palm Springs Med Centre,Private Hospital,Gauteng,Ekurhuleni Metropolitan Municipality
Sunward Park Med Centre,Private Hospital,Gauteng,Ekurhuleni Metropolitan Municipality
NHN Akeso Alberton Hospital,Private Hospital,Gauteng,Ekurhuleni Metropolitan Municipality
Peermed Germiston Health Centre,Private Hospital,Gauteng,Ekurhuleni Metropolitan Municipality
Philani Med Centre,Private Hospital,Gauteng,Ekurhuleni Metropolitan Municipality
NHN Care Cure Vereen Hospital,Private Hospital,Gauteng,Sedibeng District Municipality
HEALth-WorX Noordheuwel Med Centre,Private Hospital,Gauteng,West Rand District Municipality
Netcare Bell Street Hospital,Private Hospital,Gauteng,West Rand District Municipality
Netcare Pinehaven Hospital,Private Hospital,Gauteng,West Rand District Municipality
Medicare Greenhills Med Centre,Private Hospital,Gauteng,West Rand District Municipality
Wesmed Med Centre,Private Hospital,Gauteng,West Rand District Municipality
Mediclinic Newcastle Day Hospital,Private Hospital,KwaZuluNatal,Amajuba District Municipality
Mediclinic Newcastle Hospital,Private Hospital,KwaZuluNatal,Amajuba District Municipality
Ahmed Al-Kadi Private Hospital,Private Hospital,KwaZuluNatal,Amajuba District Municipality
Akeso Umhlanga Hospital,Private Hospital,KwaZuluNatal,eThekwini Metropolitan Municipality
Alliance Care Umhlanga Hospital,Private Hospital,KwaZuluNatal,eThekwini Metropolitan Municipality
Bluff Centre Hospital,Private Hospital,KwaZuluNatal,eThekwini Metropolitan Municipality
Broadwalk Med Centre,Private Hospital,KwaZuluNatal,eThekwini Metropolitan Municipality
Broad Road Surgical clinic,Private Hospital,Western Cape,City of Cape Town Metropolitan Municipality
Busamed Gateway Hospital,Private Hospital,KwaZuluNatal,eThekwini Metropolitan Municipality
Busamed Hillcrest Private Hospital,Private Hospital,KwaZuluNatal,eThekwini Metropolitan Municipality
Capital Oncology and General Hospital,Private Hospital,KwaZuluNatal,eThekwini Metropolitan Municipality
Chatsworth Cheshire Rehab Centre,Private Hospital,KwaZuluNatal,eThekwini Metropolitan Municipality
City Hospital,Private Hospital,KwaZuluNatal,eThekwini Metropolitan Municipality
DBN Eye Hospital,Private Hospital,KwaZuluNatal,eThekwini Metropolitan Municipality
Durban Oncology Centre,Private Hospital,KwaZuluNatal,eThekwini Metropolitan Municipality
Fountain Med Centre,Private Hospital,KwaZuluNatal,eThekwini Metropolitan Municipality
Highway Sub-Acute and Rehab Hospital,Private Hospital,KwaZuluNatal,eThekwini Metropolitan Municipality
Humana Health Care Hospital,Private Hospital,KwaZuluNatal,eThekwini Metropolitan Municipality
IMA Hospital,Private Hospital,KwaZuluNatal,eThekwini Metropolitan Municipality
JMH Ascot Park Hospital,Private Hospital,KwaZuluNatal,eThekwini Metropolitan Municipality
JMH City Hospital,Private Hospital,KwaZuluNatal,eThekwini Metropolitan Municipality
JMH Durdoc Hospital,Private Hospital,KwaZuluNatal,eThekwini Metropolitan Municipality
JMH Isipingo Hospital,Private Hospital,KwaZuluNatal,eThekwini Metropolitan Municipality
KwaZulu-Natal Child Hospital,Specialised Hospital,KwaZuluNatal,eThekwini Metropolitan Municipality
Kynoch Hospital,Private Hospital,KwaZuluNatal,eThekwini Metropolitan Municipality
Life Chatsmed Garden Hospital,Private Hospital,KwaZuluNatal,eThekwini Metropolitan Municipality
Life Entabeni Hospital,Private Hospital,KwaZuluNatal,eThekwini Metropolitan Municipality
Life Mt Edgecombe Hospital,Private Hospital,KwaZuluNatal,eThekwini Metropolitan Municipality
Life The Crompton Hospital,Private Hospital,KwaZuluNatal,eThekwini Metropolitan Municipality
Life Westville Hospital,Private Hospital,KwaZuluNatal,eThekwini Metropolitan Municipality
Malvern Centre Hospital,Private Hospital,KwaZuluNatal,eThekwini Metropolitan Municipality
Mediclinic Victoria Hospital,Private Hospital,KwaZuluNatal,eThekwini Metropolitan Municipality
Medicross Procare Sub-Acute Hospital,Private Hospital,KwaZuluNatal,eThekwini Metropolitan Municipality
Netcare Kingsway Hospital,Private Hospital,KwaZuluNatal,eThekwini Metropolitan Municipality
Netcare Parklands Hospital,Private Hospital,KwaZuluNatal,eThekwini Metropolitan Municipality
Netcare St Augustine's Hospital,Private Hospital,KwaZuluNatal,eThekwini Metropolitan Municipality
Netcare Umhlanga Hospital,Private Hospital,KwaZuluNatal,eThekwini Metropolitan Municipality
NHN Capital Haemato Hospital,Private Hospital,KwaZuluNatal,eThekwini Metropolitan Municipality
NHN Healing Hills Hospital,Private Hospital,KwaZuluNatal,eThekwini Metropolitan Municipality
NHN Icare Amanzimtoti Med Centre,Private Hospital,KwaZuluNatal,eThekwini Metropolitan Municipality
NHN Lenmed eThekwini Heart Hospital,Private Hospital,KwaZuluNatal,eThekwini Metropolitan Municipality
NHN Lenmed Shifa Hospital,Private Hospital,KwaZuluNatal,eThekwini Metropolitan Municipality
NHN M-Care Umhlanga Hospital,Private Hospital,KwaZuluNatal,eThekwini Metropolitan Municipality
Oral and Dental Institute,Specialised Hospital,KwaZuluNatal,eThekwini Metropolitan Municipality
Saiccor Hospital,Private Hospital,KwaZuluNatal,eThekwini Metropolitan Municipality
Westridge Day Surg Centre,Private Hospital,KwaZuluNatal,eThekwini Metropolitan Municipality
NHN Riverview Clinic Hospital,Private Hospital,KwaZuluNatal,Harry Gwala District Municipality
Netcare Kokstad Private Hospital,Private Hospital,KwaZuluNatal,Harry Gwala District Municipality
KwaDukuza Private Hospital,Private Hospital,KwaZuluNatal,iLembe District Municipality
Netcare Alberlito Hospital,Private Hospital,KwaZuluNatal,iLembe District Municipality
Amatikulu Chronic Home Hospital,Specialised Hospital,KwaZuluNatal,iLembe District Municipality
JMH Richards Bay Med Institute,Private Hospital,KwaZuluNatal,King Cetshwayo District Municipality
Life Empangeni Private Hospital,Private Hospital,KwaZuluNatal,King Cetshwayo District Municipality
Melomed Rich Bay Hospital,Private Hospital,KwaZuluNatal,King Cetshwayo District Municipality
Netcare The Bay Hospital,Private Hospital,KwaZuluNatal,King Cetshwayo District Municipality
Richards Bay Med Institute Day Hospital,Private Hospital,KwaZuluNatal,King Cetshwayo District Municipality
Netcare Margate Hospital,Private Hospital,KwaZuluNatal,Ugu District Municipality
NHN Shelly Beach Day Hospital,Private Hospital,KwaZuluNatal,Ugu District Municipality
Shelly Beach Private Hospital,Private Hospital,KwaZuluNatal,Ugu District Municipality
Shelly Beach Sub-Acute Hospital,Private Hospital,KwaZuluNatal,Ugu District Municipality
Akeso PMB Hospital,Private Hospital,KwaZuluNatal,Umgungundlovu District Municipality
Eden Gardens Private Hospital,Private Hospital,KwaZuluNatal,Ugu District Municipality
Mediclinic Pietermaritzburg Hospital,Private Hospital,KwaZuluNatal,Ugu District Municipality
Mildlands Med Centre,Private Hospital,KwaZuluNatal,Ugu District Municipality
Netcare St Anne's Hospital,Private Hospital,KwaZuluNatal,Ugu District Municipality
NHN Daymed Private Hospital,Private Hospital,KwaZuluNatal,Ugu District Municipality
Pietermaritzburg Eye Hospital,Private Hospital,KwaZuluNatal,Ugu District Municipality
Royal Rehab Hospital,Private Hospital,KwaZuluNatal,Ugu District Municipality
St Mary's Private Hospital,Private Hospital,KwaZuluNatal,Ugu District Municipality
Wembley House Hospital,Private Hospital,KwaZuluNatal,Ugu District Municipality
Life Hilton Private Hospital,Private Hospital,KwaZuluNatal,Umgungundlovu District Municipality
Mediclinic Howick Hospital,Private Hospital,KwaZuluNatal,Ugu District Municipality
NHN Oatlands Care Med Centre,Private Hospital,KwaZuluNatal,Ugu District Municipality
Oatlands Care Centre,Private Hospital,KwaZuluNatal,Ugu District Municipality
Talana Step Down Hospital,Private Hospital,KwaZuluNatal,Umzinyathi District Municipality
Greytown Private Hospital,Private Hospital,KwaZuluNatal,Umzinyathi District Municipality
Essen Med Centre,Private Hospital,KwaZuluNatal,Uthukela District Municipality
Ladysmith Sub-Acute Hospital,Private Hospital,KwaZuluNatal,Uthukela District Municipality
AbaQulusi Private Hospital,Private Hospital,KwaZuluNatal,Zululand District Municipality
Longridge Colliery Mine Hospital,Military Hospital,KwaZuluNatal,Zululand District Municipality
NHN Nongoma Private Hospital,Private Hospital,KwaZuluNatal,Zululand District Municipality
Lebowakgomo Medleb Hospital,Private Hospital,Limpopo,Capricorn District Municipality
Mediclinic Limpopo Hospital,Private Hospital,Limpopo,Capricorn District Municipality
Netcare Pholoso Hospital,Private Hospital,Limpopo,Capricorn District Municipality
St Joseph's Hospital,District Hospital,Limpopo,Capricorn District Municipality
Life Esidimeni Shiluvana Hospital,Private Hospital,Limpopo,Mopani District Municipality
Mediclinic Tzaneen Hospital,Private Hospital,Limpopo,Mopani District Municipality
NHN Quality Care Private Hospital,Private Hospital,Limpopo,Vhembe District Municipality
NHN Zoutpansberg Private Hospital,Private Hospital,Limpopo,Mopani District Municipality
NHN St Vincent's Hospital,Private Hospital,Limpopo,Waterberg District Municipality
Mediclinic Lephalale Hospital,Private Hospital,Limpopo,Waterberg District Municipality
Anglo Platinum Mine Hospital,Military Hospital,Limpopo,Waterberg District Municipality
Mediclinic Thabazimbi Hospital,Private Hospital,Limpopo,Waterberg District Municipality
Platinum Health Amandelbult Hospital,Private Hospital,Limpopo,Waterberg District Municipality
Platinum Health Setaria Mine Hospital,Military Hospital,Limpopo,Waterberg District Municipality
Platinum Health Thabazimbi Med Centre,Private Hospital,Limpopo,Waterberg District Municipality
Platinum Health Union Mine Hospital,Military Hospital,Limpopo,Waterberg District Municipality
Swartklip Mine Hospital,Military Hospital,Limpopo,Waterberg District Municipality
Busamed Lowveld Private Hospital,Private Hospital,Mpumalanga,Ehlanzeni District Municipality
Eureka Mediclinic Barberton Hospital,Private Hospital,Mpumalanga,Ehlanzeni District Municipality
Mediclinic Nelspruit Hospital,Private Hospital,Mpumalanga,Ehlanzeni District Municipality
NHN Kiaat Private Hospital,Private Hospital,Mpumalanga,Ehlanzeni District Municipality
NHN M-Care Nelspruit Hospital,Private Hospital,Mpumalanga,Ehlanzeni District Municipality
Mediclinic Highveld Hospital,Private Hospital,Mpumalanga,Gert Sibande District Municipality
Mediclinic Secunda Hospital,Private Hospital,Mpumalanga,Gert Sibande District Municipality
Winkelhaak Mine Hospital,Military Hospital,Mpumalanga,Gert Sibande District Municipality
Life Piet Retief Hospital,Private Hospital,Mpumalanga,Gert Sibande District Municipality
Ermelo Hospiplan Hospital,Private Hospital,Mpumalanga,Gert Sibande District Municipality
Mediclinic Ermelo Hospital,Private Hospital,Mpumalanga,Gert Sibande District Municipality
Anglo CoalHighveld Hospital,Private Hospital,Mpumalanga,Nkangala District Municipality
Greenside Hospital,Private Hospital,Mpumalanga,Nkangala District Municipality
Life Cosmos Hospital,Private Hospital,Mpumalanga,Nkangala District Municipality
NHN eMalahleni Day Hospital,Private Hospital,Mpumalanga,Nkangala District Municipality
NHN eMalahleni Private Hospital,Private Hospital,Mpumalanga,Nkangala District Municipality
NHN Highveld Eye Hospital,Private Hospital,Mpumalanga,Nkangala District Municipality
Arnot Colliery Mine Hospital,Military Hospital,Mpumalanga,Nkangala District Municipality
Douglas Colliery Mine Hospital,Military Hospital,Mpumalanga,Nkangala District Municipality
Koornfontein Mine Hospital,Military Hospital,Mpumalanga,Nkangala District Municipality
Life Midmed Hospital,Private Hospital,Mpumalanga,Nkangala District Municipality
Middelburg Mine Hospital,Military Hospital,Mpumalanga,Nkangala District Municipality
Hartswater Hospital,District Hospital,Northern Cape,Frances Baard District Municipality
Mediclinic Kimberley Hospital,Private Hospital,Northern Cape,Frances Baard District Municipality
NHN Lenmed Royal Hospital and Heart Centre,Private Hospital,Northern Cape,Frances Baard District Municipality
West End Specialised Psychiatric Hospital,Specialised Hospital,Northern Cape,Frances Baard District Municipality
West End Spec TB Hospital,Specialised Hospital,Northern Cape,Frances Baard District Municipality
NHN Lenmed Kathu Hospital,Private Hospital,Northern Cape,John Taolo Gaetsewe District Municipality
Tshwaragano Hospital,District Hospital,Northern Cape,John Taolo Gaetsewe District Municipality
Aggeneys (Black Mountain) Private Hospital,Private Hospital,Northern Cape,Namakwa District Municipality
Kleinzee Private Hospital,Private Hospital,Northern Cape,Namakwa District Municipality
Prieska Hospital,District Hospital,Northern Cape,Pixley ka Seme District Municipality
OraniaMed 24,Private Hospital,Northern Cape,Pixley ka Seme District Municipality
Manne Dipico Hospital,District Hospital,Northern Cape,Pixley ka Seme District Municipality
Harry Surtie Hospital,Regional Hospital,Northern Cape,Zwelentlanga Fatman Mgcawu District Municipality
Mediclinic Upington Hospital,Private Hospital,Northern Cape,Zwelentlanga Fatman Mgcawu District Municipality
Upington TB Hospital,Specialised Hospital,Northern Cape,Zwelentlanga Fatman Mgcawu District Municipality
Kakamas Hospital,District Hospital,Northern Cape,Zwelentlanga Fatman Mgcawu District Municipality
Keimoes Hospital,District Hospital,Northern Cape,Zwelentlanga Fatman Mgcawu District Municipality
Lime Acres Hospital,Private Hospital,Northern Cape,Zwelentlanga Fatman Mgcawu District Municipality
Postmasburg Hospital,District Hospital,Northern Cape,Zwelentlanga Fatman Mgcawu District Municipality
Mediclinic Brits Hospital,Private Hospital,North West,Bojanala Platinum District Municipality
Andrew Saffey Mine Hospital,Military Hospital,North West,Bojanala Platinum District Municipality
Impala Mine Hospital,Military Hospital,North West,Bojanala Platinum District Municipality
Job Shimankana Tabane Hospital,Tertiary Hospital,North West,Bojanala Platinum District Municipality
Life La Femme Clinic Hospital,Private Hospital,North West,Bojanala Platinum District Municipality
Life Peglerae Hospital,Private Hospital,North West,Bojanala Platinum District Municipality
Netcare Ferncrest Hospital,Private Hospital,North West,Bojanala Platinum District Municipality
NHN Medicare Rustenburg Hospital,Private Hospital,North West,Bojanala Platinum District Municipality
Rustenburg Platinum Mine Hospital,Military Hospital,North West,Bojanala Platinum District Municipality
Duff Scott Memorial Hospital,Private Hospital,North West,Dr Kenneth Kaunda District Municipality
Klerksdorp-Tshepong Hospital,Tertiary Hospital,North West,Dr Kenneth Kaunda District Municipality
Life Anncron Clinic Hospital,Private Hospital,North West,Dr Kenneth Kaunda District Municipality
NHN Parkmed Neuro Hospital,Private Hospital,North West,Dr Kenneth Kaunda District Municipality
NHN Sunningdale Hospital,Private Hospital,North West,Dr Kenneth Kaunda District Municipality
NHN Wilmed Park Hospital,Private Hospital,North West,Dr Kenneth Kaunda District Municipality
West Vaal Hospital,Private Hospital,North West,Dr Kenneth Kaunda District Municipality
Mediclinic Potchefstroom Hospital,Private Hospital,North West,Dr Kenneth Kaunda District Municipality
NHN Medi-Care Potch Hospital,Private Hospital,North West,Dr Kenneth Kaunda District Municipality
NHN Vryburg Private Hospital,Private Hospital,North West,Dr Ruth Segomotsi Mompati District Municipality
Clinix Victoria Private Hospital,Private Hospital,North West,Ngaka Modiri Molema District Municipality
Brewelskloof TB Hospital,Specialised Hospital,Western Cape,Cape Winelands District Municipality
Mediclinic Worcester Hospital,Private Hospital,Western Cape,Cape Winelands District Municipality
Pines Clinic Hospital,Private Hospital,Western Cape,Cape Winelands District Municipality
Regina Centre,Specialised Hospital,Western Cape,Cape Winelands District Municipality
Worcester Hospice,Specialised Hospital,Western Cape,Cape Winelands District Municipality
Worcester Hospital,Regional Hospital,Western Cape,Cape Winelands District Municipality
Drakenstein Hospital,Private Hospital,Western Cape,Cape Winelands District Municipality
Mediclinic Paarl Hospital,Private Hospital,Western Cape,Cape Winelands District Municipality
Drakenstein Palliative Hospice,Specialised Hospital,Western Cape,Cape Winelands District Municipality
Paarl Hospital,Regional Hospital,Western Cape,Cape Winelands District Municipality
Groenleegte care cure Paarl,Specialised Hospital,Western Cape,Cape Winelands District Municipality
Montagu Hospital,District Hospital,Western Cape,Cape Winelands District Municipality
Mooimed hospital,Private Hospital,North West,Dr Kenneth Kaunda District Municipality
Robertson Hospital,District Hospital,Western Cape,Cape Winelands District Municipality
Mediclinic Stellenbosch Hospital,Private Hospital,Western Cape,Cape Winelands District Municipality
Stellenbosch Hospital,District Hospital,Western Cape,Cape Winelands District Municipality
Ceres Hospital,District Hospital,Western Cape,Cape Winelands District Municipality
Netcare Ceres Hospital,Private Hospital,Western Cape,Cape Winelands District Municipality
Murraysburg Hospital,District Hospital,Western Cape,Central Karoo District Municipality
Laingsburg Hospital,District Hospital,Western Cape,Central Karoo District Municipality
Prince Albert Hospital,District Hospital,Western Cape,Central Karoo District Municipality
Busamed Paardevlei Private Hospital,Private Hospital,Western Cape,City of Cape Town Metropolitan Municipality
Eerste River Hospital,District Hospital,Western Cape,City of Cape Town Metropolitan Municipality
Eerste River Medi-City Clinic,Private Hospital,Western Cape,City of Cape Town Metropolitan Municipality
Helderberg Hospital,District Hospital,Western Cape,City of Cape Town Metropolitan Municipality
Mediclinic Strand Hospital,Private Hospital,Western Cape,City of Cape Town Metropolitan Municipality
Mediclinic Vergelegen Hospital,Private Hospital,Western Cape,City of Cape Town Metropolitan Municipality
Netcare Kuils River Hospital,Private Hospital,Western Cape,City of Cape Town Metropolitan Municipality
NHN Life Path Helderberg Hospital,Private Hospital,Western Cape,City of Cape Town Metropolitan Municipality
NHN Spescare Sub-Acute Hospital,Private Hospital,Western Cape,City of Cape Town Metropolitan Municipality
Mediclinic Cape Gate Hospital,Private Hospital,Western Cape,City of Cape Town Metropolitan Municipality
Mediclinic Durbanville Hospital,Private Hospital,Western Cape,City of Cape Town Metropolitan Municipality
Mediclinic Panorama Hospital,Private Hospital,Western Cape,City of Cape Town Metropolitan Municipality
Monte Vista Hospital,Private Hospital,Western Cape,City of Cape Town Metropolitan Municipality
NHN Icare Tyger Valley SA Hospital,Private Hospital,Western Cape,City of Cape Town Metropolitan Municipality
NHN M-Care Cape View Hospital,Private Hospital,Western Cape,City of Cape Town Metropolitan Municipality
DP Marais TB Hospital,Specialised Hospital,Western Cape,City of Cape Town Metropolitan Municipality
Mediclinic Marapong,Private Hospital,Limpopo,Waterberg District Municipality
False Bay Hospital,District Hospital,Western Cape,City of Cape Town Metropolitan Municipality
Kenilworth Hospital,Private Hospital,Western Cape,City of Cape Town Metropolitan Municipality
Life Claremont Hospital,Private Hospital,Western Cape,City of Cape Town Metropolitan Municipality
Life Kingsbury Hospital,Private Hospital,Western Cape,City of Cape Town Metropolitan Municipality
Life Sports Science Ortho,Specialised Hospital,Western Cape,City of Cape Town Metropolitan Municipality
Mediclinic Constantiaberg Hospital,Private Hospital,Western Cape,City of Cape Town Metropolitan Municipality
Mediclinic Const Neonatal Hospital,Private Hospital,Western Cape,City of Cape Town Metropolitan Municipality
Melomed Tokai Private Hospital,Private Hospital,Western Cape,City of Cape Town Metropolitan Municipality
Mowbray Maternity Hospital,Regional Hospital,Western Cape,City of Cape Town Metropolitan Municipality
Netcare Southern Cross Hospital,Private Hospital,Western Cape,City of Cape Town Metropolitan Municipality
Newlands Surgical Hospital,Private Hospital,Western Cape,City of Cape Town Metropolitan Municipality
NHN M-Care Newlands Hospital,Private Hospital,Western Cape,City of Cape Town Metropolitan Municipality
Pr Alice Ortho Hospital,Specialised Hospital,Western Cape,City of Cape Town Metropolitan Municipality
Red Cross Children's Hospital,Tertiary Hospital,Western Cape,City of Cape Town Metropolitan Municipality
SAMHS 2 Mil Hospital,Military Hospital,Western Cape,City of Cape Town Metropolitan Municipality
Victoria Hospital,District Hospital,Western Cape,City of Cape Town Metropolitan Municipality
Alexandra Hospital,Specialised Hospital,Western Cape,City of Cape Town Metropolitan Municipality
Brooklyn Chest Hospital,Specialised Hospital,Western Cape,City of Cape Town Metropolitan Municipality
Conradie Hospital,Specialised Hospital,Western Cape,City of Cape Town Metropolitan Municipality
Groote Schuur Hospital,Central Hospital,Western Cape,City of Cape Town Metropolitan Municipality
Groote Schuur Level 2 Hospital,District Hospital,Western Cape,City of Cape Town Metropolitan Municipality
Life Orthopaedic Hospital,Specialised Hospital,Western Cape,City of Cape Town Metropolitan Municipality
Groote Schuur Hospital (Private Ward G4),Private Hospital,Western Cape,City of Cape Town Metropolitan Municipality
Life Vincent Pallotti Hospital,Private Hospital,Western Cape,City of Cape Town Metropolitan Municipality
Mediclinic Cape Town Hospital,Private Hospital,Western Cape,City of Cape Town Metropolitan Municipality
Mediclinic Milnerton Hospital,Private Hospital,Western Cape,City of Cape Town Metropolitan Municipality
Netcare Blaauwberg Hospital,Private Hospital,Western Cape,City of Cape Town Metropolitan Municipality
Netcare Christiaan Barnard Memorial Hospital,Private Hospital,Western Cape,City of Cape Town Metropolitan Municipality
Netcare UCT Private Hospital,Private Hospital,Western Cape,City of Cape Town Metropolitan Municipality
New Somerset Hospital,Regional Hospital,Western Cape,City of Cape Town Metropolitan Municipality
NHN Icare Century City DH,Private Hospital,Western Cape,City of Cape Town Metropolitan Municipality
Shirnell Clinic Hospital,Private Hospital,Western Cape,City of Cape Town Metropolitan Municipality
St Monica's Hospital,Specialised Hospital,Western Cape,City of Cape Town Metropolitan Municipality
Valkenberg Hospital,Specialised Hospital,Western Cape,City of Cape Town Metropolitan Municipality
Wesfleur Clinic Hospital,Private Hospital,Western Cape,City of Cape Town Metropolitan Municipality
Wesfleur Hospital,District Hospital,Western Cape,City of Cape Town Metropolitan Municipality
Khayelitsha Hospital,District Hospital,Western Cape,City of Cape Town Metropolitan Municipality
Gatesv Med Centre Hospital,Private Hospital,Western Cape,City of Cape Town Metropolitan Municipality
GF Jooste Hospital,District Hospital,Western Cape,City of Cape Town Metropolitan Municipality
Melomed Gatesville Hospital,Private Hospital,Western Cape,City of Cape Town Metropolitan Municipality
Lentegeur Hospital,Specialised Hospital,Western Cape,City of Cape Town Metropolitan Municipality
Melomed Mitchells Plain Hospital,Private Hospital,Western Cape,City of Cape Town Metropolitan Municipality
Mitchells Plain Hospital,District Hospital,Western Cape,City of Cape Town Metropolitan Municipality
Mitchells Plain Medical Centre Hospital,Private Hospital,Western Cape,City of Cape Town Metropolitan Municipality
Mitchells Plain Hospital,Private Hospital,Western Cape,City of Cape Town Metropolitan Municipality
Aevitas Hospital,Private Hospital,Western Cape,City of Cape Town Metropolitan Municipality
Bellville Med Hospital,Private Hospital,Western Cape,City of Cape Town Metropolitan Municipality
Cape Eye Hospital,Private Hospital,Western Cape,City of Cape Town Metropolitan Municipality
Karl Bremer Hospital,District Hospital,Western Cape,City of Cape Town Metropolitan Municipality
Libertas Hospital,Private Hospital,Western Cape,City of Cape Town Metropolitan Municipality
Mediclinic Louis Leipoldt Hospital,Private Hospital,Western Cape,City of Cape Town Metropolitan Municipality
Melomed Bellville Hospital,Private Hospital,Western Cape,City of Cape Town Metropolitan Municipality
Netcare N1 City Hospital,Private Hospital,Western Cape,City of Cape Town Metropolitan Municipality
Origin Maternity Hospital,Private Hospital,Western Cape,City of Cape Town Metropolitan Municipality
Stikland Hospital,Specialised Hospital,Western Cape,City of Cape Town Metropolitan Municipality
Mediclinic Plettenberg Bay Hospital,Private Hospital,Western Cape,Garden Route District Municipality
George Hospital,Regional Hospital,Western Cape,Garden Route District Municipality
Harry Comay TB Hospital,Specialised Hospital,Western Cape,Garden Route District Municipality
Mediclinic Geneva Hospital,Private Hospital,Western Cape,Garden Route District Municipality
Mediclinic George Hospital,Private Hospital,Western Cape,Garden Route District Municipality
Uniondale Hospital,District Hospital,Western Cape,Garden Route District Municipality
Riversdale Hospital,District Hospital,Western Cape,Garden Route District Municipality
Alan Blyth Hospital,District Hospital,Western Cape,Garden Route District Municipality
Knysna Hospital,District Hospital,Western Cape,Garden Route District Municipality
Life Knysna Private Hospital,Private Hospital,Western Cape,Garden Route District Municipality
Meyer Zall Hospital,Private Hospital,Western Cape,Garden Route District Municipality
Life BayView Private Hospital,Private Hospital,Western Cape,Garden Route District Municipality
Mossel Bay Hospital,District Hospital,Western Cape,Garden Route District Municipality
Cango Hospital,Private Hospital,Western Cape,Garden Route District Municipality
Mediclinic Klein Karoo Hospital,Private Hospital,Western Cape,Garden Route District Municipality
NHN Kango Clinic,Private Hospital,Western Cape,Garden Route District Municipality
Oudtshoorn Hospital,District Hospital,Western Cape,Garden Route District Municipality
Otto Du Plessis Hospital,District Hospital,Western Cape,Overberg District Municipality
Otto Du Plessis Hospital (Private Ward),Private Hospital,Western Cape,Overberg District Municipality
Hermanus Hospital,District Hospital,Western Cape,Overberg District Municipality
Mediclinic Hermanus Hospital,Private Hospital,Western Cape,Overberg District Municipality
Swellendam Hospital,District Hospital,Western Cape,Overberg District Municipality
Caledon Hospital,District Hospital,Western Cape,Overberg District Municipality
LAPA Munnik Hospital,District Hospital,Western Cape,West Coast District Municipality
Radie Kotze Hospital,District Hospital,Western Cape,West Coast District Municipality
Citrusdal Hospital,District Hospital,Western Cape,West Coast District Municipality
Clanwilliam Hospital,District Hospital,Western Cape,West Coast District Municipality
Vredendal Hospital,District Hospital,Western Cape,West Coast District Municipality
Life West Coast Private Hospital,Private Hospital,Western Cape,West Coast District Municipality
Vredenburg Hospital,District Hospital,Western Cape,West Coast District Municipality
Germiston Hospital,District Hospital,Gauteng,City of Johannesburg Metropolitan Municipality
Die Wieg Hospital,Specialised Hospital,Western Cape,West Coast District Municipality
Malmesbury Infectious diseases Hospital,Specialised Hospital,Western Cape,West Coast District Municipality
Sonstraal TB Hospital,Specialised Hospital,Western Cape,West Coast District Municipality
Citymed Day Hospital,Private Hospital,Free State,Mangaung Metropolitan Municipality
Swartland Hospital,District Hospital,Western Cape,West Coast District Municipality
Lenasia South District Hospital,District Hospital,Gauteng,
"Nurture Woodlands Psychiatric (-29.045364, 26.183793)",Specialised Hospital,Free State,
Lynnmed clinic -Rehabilitation hospital,Specialised Hospital,Gauteng,
Nurture Rynmed,Specialised Hospital,Gauteng,
Nurture Vereeniging,Specialised Hospital,Gauteng,
Nurture Health Ilembe,Specialised Hospital,KwaZuluNatal,
